2020/08/05 14:12:45,8FBF,,,,Data2Lower LimitAbnormal
2020/08/05 14:13:00,8FBF,,,,Data2Lower LimitAbnormal
2020/08/05 14:13:15,8FBF,,,,Data2Lower LimitAbnormal
2020/08/05 14:13:30,8FBF,,,,Data2Lower LimitAbnormal
2020/08/05 14:13:45,8FBF,,,,Data2Lower LimitAbnormal
2020/08/05 14:14:15,8FBF,,,,Data2Lower LimitAbnormal
2020/08/05 14:14:30,8FBF,,,,Data2Lower LimitAbnormal
2020/08/05 14:15:00,8FBF,,,,Data2Lower LimitAbnormal
2020/08/05 14:15:15,8FBF,,,,Data2Lower LimitAbnormal
2020/08/05 14:15:30,8FBF,,,,Data2Lower LimitAbnormal
2020/08/05 14:15:45,8FBF,,,,Data2Lower LimitAbnormal
2020/08/05 14:16:00,8FBF,,,,Data2Lower LimitAbnormal
2020/08/05 14:16:15,8FBF,,,,Data2Lower LimitAbnormal
2020/08/05 14:16:30,8FBF,,,,Data2Lower LimitAbnormal
2020/08/05 14:17:00,8FBF,,,,Data2Lower LimitAbnormal
2020/08/05 14:17:15,8FBF,,,,Data2Lower LimitAbnormal
2020/08/05 14:17:30,8FBF,,,,Data2Lower LimitAbnormal
2020/08/05 14:17:45,8FBF,,,,Data2Lower LimitAbnormal
2020/08/05 14:18:00,8FBF,,,,Data2Lower LimitAbnormal
2020/08/05 14:18:15,8FBF,,,,Data2Lower LimitAbnormal
2020/08/05 14:18:30,8FBF,,,,Data2Lower LimitAbnormal
2020/08/05 14:18:45,8FBF,,,,Data2Lower LimitAbnormal
2020/08/05 14:19:00,8FBF,,,,Data2Lower LimitAbnormal
2020/08/05 14:19:15,8FBF,,,,Data2Lower LimitAbnormal
2020/08/05 14:19:30,8FBF,,,,Data2Lower LimitAbnormal
2020/08/05 14:20:15,8FBF,,,,Data2Lower LimitAbnormal
2020/08/05 14:21:00,8FBF,,,,Data2Lower LimitAbnormal
2020/08/05 14:33:00,8FBF,,,,Data2Lower LimitAbnormal
2020/08/05 14:34:15,8FBF,,,,Data2Lower LimitAbnormal
2020/08/05 14:34:30,8FBF,,,,Data2Lower LimitAbnormal
2020/08/05 14:34:45,8FBF,,,,Data2Lower LimitAbnormal
2020/08/05 14:35:00,8FBF,,,,Data2Lower LimitAbnormal
2020/08/05 14:35:15,8FBF,,,,Data2Lower LimitAbnormal
2020/08/05 14:35:30,8FBF,,,,Data2Lower LimitAbnormal
2020/08/05 14:35:45,8FBF,,,,Data2Lower LimitAbnormal
2020/11/11 14:29:26,A855,,,,Battery Lower LimitAbnormal
2020/11/11 14:39:26,A855,,,,Battery Lower LimitAbnormal
2020/11/11 14:49:26,A855,,,,Battery Lower LimitAbnormal
